Date,Mentions,Sentiment,Open,Close,Up,Normalized SPY,Normalized Sentiment
2018-08-01,85,0.094718809524,268.4715795532076,267.8041076660156,0,0.2762727388692574,0.36190932678434495
2018-08-02,127,0.027789378616666673,266.40242650949835,269.2629699707031,1,0.2847303889609656,0.2457385536868643
2018-08-03,97,0.1025514058904762,269.3964500323987,270.4167175292969,1,0.29141915808838426,0.37550452344026575
2018-08-06,101,0.004155661874999991,270.45484130259905,271.4083557128906,1,0.29716810968406615,0.20471703134869262
2018-08-07,120,0.06387430887826089,272.123546496484,272.3046875,1,0.3023645292481938,0.3083719003152272
2018-08-08,96,0.07281437271153846,272.12352268087284,272.19024658203125,1,0.3017010661939743,0.32388935075479
2018-08-09,152,0.10629439442,272.2570289887827,271.81842041015625,0,0.2995454304999452,0.38200130468097016
2018-08-10,99,-0.08325132799666667,270.27365866148074,269.99713134765625,0,0.2889866371463943,0.05300294309394532
2018-08-13,106,0.184252498425,270.29279108932815,268.9864807128906,0,0.2831274622219715,0.5173147697545594
2018-08-14,127,0.12428589651724141,269.7683636213291,270.7027893066406,1,0.2930776388004519,0.4132295204223425
2018-08-15,141,-0.022972616018750006,269.2534500133065,268.68133544921875,0,0.2813584043342008,0.15762992821638544
2018-08-16,222,-0.05117516084516128,270.2259931243525,270.8553161621094,1,0.29396190235911557,0.10867819814211145
2018-08-17,197,0.08740910320967742,270.63603497949737,271.8088684082031,1,0.29949005345035307,0.349221721016023
2018-08-20,191,-0.04192867703666666,272.2952371795617,272.3905944824219,1,0.30286256884756124,0.12472750795849691
2018-08-21,174,0.18442689312162167,272.9435755988971,273.0293884277344,1,0.3065659311544735,0.5176174701728357
2018-08-22,142,0.11167086680588234,272.5907821646023,272.8673095703125,1,0.3056262905462177,0.3913333570402675
2018-08-23,191,0.007488237843750011,272.67656949075166,272.50494384765625,0,0.30352550113133736,0.21050145116890295
2018-08-24,228,0.015419571390625005,273.124691014876,274.14495849609375,1,0.3130333690070046,0.2242680279549831
2018-08-27,337,0.05990151049615385,275.4321716220938,276.3094177246094,1,0.32558166690580825,0.30147623344411945
2018-08-28,218,-0.018161539114814815,276.80527374744355,276.4429626464844,0,0.326355884059212,0.1659806121499664
2018-08-29,297,0.020001635413513526,276.6717737846026,277.930419921875,1,0.33497931145273463,0.23222120957784953
2018-08-30,362,0.08097161551999998,277.41556120960456,276.8052978515625,0,0.3284564965506114,0.33804804283622836
2018-08-31,304,0.14277113730322583,276.366666312994,276.8148193359375,1,0.32851169667672253,0.44531472843754466
2018-09-04,380,0.06276591160888889,276.3666780055283,276.33807373046875,0,0.32574779805458487,0.3064480326543717
2018-09-05,406,0.11962703087391309,275.9566394882148,275.59429931640625,0,0.32143581897260187,0.40514303266642404
2018-09-06,436,0.051743040105128216,275.708740649734,274.7647705078125,0,0.3166266849086572,0.2873154106226825
2018-09-07,302,0.1308151886888889,273.63959959612794,274.23077392578125,1,0.3135308778359287,0.4245625455067752
2018-09-10,301,-0.06944595580857145,275.3177536492756,274.70751953125,0,0.31629477645806636,0.07696520809825984
2018-09-11,446,0.08587725418222221,274.0114449803956,275.61334228515625,1,0.32154621922482396,0.3465628595349731
2018-09-12,521,0.013703323516326542,275.622936713769,275.6801452636719,1,0.3219335047250069,0.22128910164885318
2018-09-13,604,0.07398535193333333,276.8243353047614,277.31060791015625,1,0.3313859955510823,0.32592184318200546
2018-09-14,351,0.010499428833333336,277.52990197732015,277.3582763671875,0,0.3316623500285998,0.21572803655087627
2018-09-17,362,-0.01183389523333334,277.3010738944937,275.8898620605469,0,0.32314932288729925,0.17696363220006972
2018-09-18,383,0.11459884712608698,276.1187416751979,277.3869323730469,1,0.3318284811773764,0.3964155119727265
2018-09-19,346,0.05363234304390246,277.4441164911031,277.6824951171875,1,0.3335419850920738,0.29059471212035437
2018-09-20,481,0.08830173615833332,279.0365537700311,279.9328308105469,1,0.34658814566676366,0.35077108216151387
2018-09-21,462,0.11434410767500006,280.73065229679366,279.6770324707031,0,0.3451051730479724,0.3959733555316809
2018-09-24,404,0.14338118925200002,279.05446824468186,278.7479553222656,0,0.33971891458859726,0.4463736080000624
2018-09-25,371,0.1654166543510639,279.2364563387582,278.4893493652344,0,0.33821966500954237,0.48462101248890477
2018-09-26,349,0.0655594614387755,278.64263169772056,277.65606689453125,0,0.33338876935741935,0.3112968538534282
2018-09-27,327,0.037604731953191486,278.16363228904606,278.43182373046875,1,0.3378861642476214,0.2627752619013381
2018-09-28,456,0.11986696315272728,277.7614051640543,278.46063232421875,1,0.3380531800138036,0.40555948799770386
2018-10-01,603,0.09886249957068968,279.7920213231306,279.4280700683594,0,0.343661831288953,0.3691016137898443
2018-10-02,886,0.08803781218448276,279.2651672363281,279.2651672363281,0,0.34271741374670683,0.3503129839576964
2018-10-03,778,0.16508781552142857,280.39540349183187,279.4184265136719,0,0.3436059234689175,0.4840502402509621
2018-10-04,912,0.024186579428070176,278.9011743978468,277.23455810546875,0,0.3309451022361183,0.2394851019335733
2018-10-05,680,0.058779447900000004,277.4740309205586,275.6828918457031,0,0.3219494278383084,0.29952864659791667
2018-10-08,462,0.054735605772,274.94534335793054,275.6828918457031,1,0.3219494278383084,0.29250966765359626
2018-10-09,272,-0.02126533402127659,275.2710201817057,275.28057861328125,1,0.31961704558663495,0.16059329226794153
2018-10-10,527,-0.0749637407526316,274.73465901585365,266.5643615722656,0,0.2690853993720279,0.06738787666054591
2018-10-11,339,0.09624201463653849,265.39576442174985,260.6928405761719,0,0.2350456754505048,0.3645531848466469
2018-10-12,386,0.16678427686938777,265.09884516016996,264.3134460449219,0,0.2560358772511966,0.48699482268130256
2018-10-15,226,0.020612902046341475,263.93029608929925,262.82879638671875,0,0.2474287268179376,0.2332821974921594
2018-10-16,302,0.129069223322,264.93599936038777,268.57574462890625,1,0.2807462490895076,0.4215320379449563
2018-10-17,230,0.15329361731162788,268.6140695648291,268.6236572265625,1,0.28102401895487406,0.4635788107837897
2018-10-18,387,0.09285799675102042,267.6179075530585,264.7444152832031,0,0.2585343906516464,0.3586794762463058
2018-10-19,408,0.06672251897234044,265.44372608704805,264.600830078125,0,0.25770196567295245,0.31331559644543017
2018-10-22,248,0.08513529482285714,265.31916008028827,263.4130859375,0,0.25081610378756025,0.34527502559979906
2018-10-23,509,0.018767811051020412,259.5243084249584,262.0721130371094,1,0.2430419091034386,0.23007963556303707
2018-10-24,1064,0.11613943527368421,261.80388843670676,254.13168334960938,0,0.19700783470251482,0.39908954212216824
2018-10-25,675,-0.004462366318518524,256.1048528884476,258.69097900390625,1,0.22344002585913603,0.18975854471217715
2018-10-26,442,-0.008959198351219513,254.7064118365557,254.14126586914062,0,0.19706338867558815,0.1819533019864221
2018-10-29,485,0.016013271353333327,257.4649638969015,252.7332763671875,0,0.18890067002691535,0.22529852504304687
2018-10-30,660,0.011374954721428573,252.55124978137442,256.47833251953125,1,0.21061236578363585,0.2172477046237709
2018-10-31,417,0.14782198197358487,259.2369500517184,259.2178039550781,0,0.22649425591380012,0.454081582154907
2018-11-01,511,0.05787495762558141,260.14691858445525,261.97637939453125,1,0.2424869001431489,0.29795870445118244
2018-11-02,327,0.010359171034146342,263.16403438679527,260.4246520996094,0,0.23349087189837658,0.2154845882390706
2018-11-05,284,0.048011890413953505,260.9514685752251,261.8614196777344,1,0.24182042938975035,0.2808391782942421
2018-11-06,239,0.12355842161515151,261.7943486888959,263.5184326171875,1,0.2514268436444045,0.411966827453956
2018-11-07,372,0.0588238908,265.8555364720064,269.1600646972656,1,0.2841338029826115,0.2996057870424372
2018-11-08,374,0.06949161366734692,268.2979712640458,268.6715393066406,1,0.2813016118967595,0.318121970369996
2018-11-09,400,0.1706547772862745,267.2635845131332,266.0471496582031,0,0.26608690021391834,0.4937129288956882
2018-11-12,321,0.027851647037500007,265.5011320419085,261.0759582519531,0,0.23726677283255038,0.24584663425007397
2018-11-13,279,-0.07072735285121952,261.5740892690764,260.5875244140625,0,0.23443511251714177,0.0747410612159211
2018-11-14,331,0.004742239395238097,262.5989721265326,258.80596923828125,0,0.22410667353601577,0.2057351658686471
2018-11-15,354,-0.014773776229729734,257.4458248023259,261.50701904296875,1,0.23976581700344357,0.17186082102214678
2018-11-16,275,0.0288394796755102,260.3288783987643,262.18707275390625,1,0.24370837985683713,0.24756123543064362
2018-11-19,434,0.02797246086315789,261.5357031556133,257.7522888183594,0,0.2179980365032066,0.24605633326196266
2018-11-20,587,-0.008864664981250003,254.1700008005487,252.9822998046875,0,0.19034436563289692,0.1821173854774064
2018-11-21,320,-0.03116501623695652,254.64891957436535,253.84434509277344,0,0.19534201166598053,0.1434102127045247
2018-11-23,154,-0.11378789690384616,252.08191638267604,252.1489715576172,1,0.1855132045955521,0.0
2018-11-26,310,0.08660639035714286,254.57231713995063,256.21978759765625,1,0.20911347005154313,0.34782843600836566
2018-11-27,268,0.041682797658974376,255.1086882353235,257.0818176269531,1,0.21411102762288636,0.26985364340497064
2018-11-28,464,0.1536954228555556,258.23121111047936,263.0011901855469,1,0.24842816756281372,0.46427623283026676
2018-11-29,282,0.0946492117375,262.1678806279746,262.426513671875,1,0.24509652148974537,0.3617885244922297
2018-11-30,274,0.1896984488733333,262.263687108951,264.0260925292969,1,0.2543699657529219,0.5267674165985076
2018-12-03,532,0.1256125034264151,268.46080993187303,267.5221252441406,0,0.27463796590366063,0.41553213898858343
2018-12-04,493,-0.05121722083428567,266.63137220055773,258.8537902832031,0,0.22438391263093904,0.10860519376441373
2018-12-06,350,-0.050338084726923096,254.70643935189875,258.46112060546875,1,0.22210743819930112,0.1101311281682431
2018-12-07,294,-0.033557987075,258.0970987520946,252.4554901123047,0,0.18729022403997342,0.13925668460057097
2018-12-10,346,0.061519179216216205,252.26392438922582,252.93441772460938,1,0.19006677269101147,0.30428405390931135
2018-12-11,293,0.020479470987804865,256.37300879640884,252.9918670654297,0,0.19039983114422965,0.23305059849280627
2018-12-12,219,0.0868302191257143,256.19102701329183,254.26577758789062,0,0.19778523647857882,0.3482169401497262
2018-12-13,270,-0.017978514469767438,255.28109569979472,254.17959594726562,0,0.19728560456788125,0.16629829174506836
2018-12-14,358,-0.008002912613953484,251.8712109543961,249.48622131347656,0,0.1700761000969364,0.18361314657040043
2018-12-17,369,0.07736912827884616,248.46135132443382,244.5917205810547,0,0.14170058142363606,0.33179513253645176
2018-12-18,359,0.01166612797826087,246.3541283679307,244.32351684570312,0,0.14014568940976746,0.21775309996171055
2018-12-19,536,0.0468145549122449,244.40971903812712,240.6645965576172,0,0.11893336017852296,0.2787609387364737
2018-12-20,391,0.12695175214523813,239.3236378646068,236.7470703125,0,0.09622178136822357,0.41785670020068894
2018-12-21,383,0.15129429833773586,237.7153159525121,231.89622497558594,0,0.06809935173467285,0.460108552218659
2018-12-24,300,0.06596941277777775,230.2969202628124,225.76882934570312,0,0.03257621288565571,0.3120084147219223
2018-12-26,283,-0.0022052907200000036,227.3392422486901,237.17579650878906,1,0.09870729089281083,0.19367619668776906
2018-12-27,180,0.052162886870833335,233.69783992452497,238.99667358398438,1,0.10926369577936668,0.28804414718436
2018-12-28,227,0.03405892776666666,240.4514379798191,238.68836975097656,0,0.10747632631129944,0.25662073753116693
2018-12-31,102,0.15944659722083335,240.43217361093755,240.7790069580078,1,0.11959664630926126,0.47425866302839237
2019-01-02,224,0.009476272674074079,236.98310093341885,241.02947998046875,1,0.12104874578059621,0.21395212361677163
2019-01-03,405,0.1305053910590909,239.15078675842605,235.27783203125,0,0.08770397729293289,0.42402482346626913
2019-01-04,359,0.16288964185,238.5342212628963,243.15866088867188,1,0.13339252013521907,0.48023482554698915
2019-01-07,375,0.11954429270476193,243.4476925135205,245.0758819580078,1,0.14450747245168705,0.4049994223451549
2019-01-08,444,0.012083249607317074,247.42662208069635,247.37843322753906,0,0.15785634910258217,0.2184771064483372
2019-01-09,562,0.12516804455952388,248.13955367669385,248.53456115722656,1,0.1645589182615288,0.41476068270280875
2019-01-10,332,0.06339160409574471,246.88710335537823,249.41127014160156,1,0.1696415760272929,0.30753405981662213
2019-01-11,352,0.05299863390232559,248.25516019585183,249.50762939453125,1,0.17020021191894585,0.2894947702876224
2019-01-14,356,0.08792892010666666,247.4651704623739,247.9854278564453,1,0.1613753571421621,0.35012397776576265
2019-01-15,418,0.05976045062040814,248.39006753118568,250.82752990722656,1,0.1778522409393506,0.30123139295173423
2019-01-16,553,0.06315086785892858,251.28992634688845,251.43446350097656,1,0.18137089513196814,0.3071162090391035
2019-01-17,540,0.06477090539199999,250.499972111563,253.34205627441406,1,0.1924300280901412,0.30992814110116473
2019-01-18,454,0.10588195361774193,255.28820103727907,256.71405029296875,1,0.2119789227518467,0.381285422800522
2019-01-22,302,0.09463754138000001,255.13402981576223,253.24569702148438,0,0.19187139219848848,0.3617682680155987
2019-01-23,317,0.09244274424821426,254.353649428117,253.7755889892578,0,0.1949434030630055,0.3579587140400883
2019-01-24,554,0.0039689279518518375,253.58288545423375,253.9104461669922,1,0.1957252279260977,0.20439291348422609
2019-01-25,446,-0.016370579337931034,255.8951343628544,256.0589294433594,1,0.2081809063825324,0.1690892174234095
2019-01-28,483,0.0726364493517857,253.7563459331126,254.11280822753906,1,0.19689840752943888,0.32358052556422173
2019-01-29,542,0.12420049844117645,254.2669447724944,253.7755889892578,0,0.1949434030630055,0.41308129324659915
2019-01-30,729,0.07641129810517244,255.4038170991988,257.7930908203125,1,0.21823458319747102,0.3301326072428208
2019-01-31,787,0.02139261031846154,257.72565843355846,260.05712890625,1,0.23136018241518608,0.23463555298218441
2019-02-01,427,-0.00679294737540984,260.2690777086894,260.182373046875,0,0.23208627638172374,0.1857133078190043
2019-02-04,363,0.07237745999375002,260.230507177324,262.0128479003906,1,0.24269832370309352,0.32313099247333554
2019-02-05,386,0.07336554976491227,262.4753424308973,263.1112060546875,1,0.24906597671227004,0.3248460399651417
2019-02-06,407,-0.025790049136,262.81253211921126,262.76434326171875,0,0.24705506442580116,0.15273965231019193
2019-02-07,307,0.05467618275384615,261.030218754195,260.2594909667969,0,0.23253336201852726,0.29240652591363026
2019-02-08,314,0.17247612108095242,258.92030147264495,260.577392578125,1,0.2343763739214082,0.4968742723261588
2019-02-11,309,0.022897052404081644,261.28069589921387,260.7218933105469,0,0.2352141066045359,0.23724684367743704
2019-02-12,397,0.004161708865517255,262.45606965587854,264.0746154785156,1,0.2546512740879108,0.20472752723299614
2019-02-13,371,0.0928588051727273,264.9705520356654,264.9320068359375,0,0.2596219392901229,0.3586808794402879
2019-02-14,440,0.14438425078070177,263.766330350411,264.3443908691406,1,0.25621527766105756,0.4481146422756259
2019-02-15,340,0.0676911966355932,266.2519076993167,267.2249755859375,1,0.2729152619679447,0.31499694994712274
2019-02-19,240,0.11005713367659577,266.3675524208153,267.68743896484375,1,0.27559636040091573,0.3885323676599484
2019-02-20,308,0.040435648490384606,267.6488987761338,268.2269592285156,1,0.2787241906237279,0.26768894125348297
2019-02-21,243,0.116803771336,267.54295099854005,267.273193359375,0,0.27319480106812244,0.4002426437235044
2019-02-22,237,0.09730478301166666,267.9379121013628,268.9302673339844,1,0.282801569169739,0.36639785350867593
2019-02-25,325,0.014454052538461538,270.462120801083,269.2963562011719,0,0.28492394324931647,0.22259215726587894
2019-02-26,318,0.0615552537709091,268.9206152535211,269.1036682128906,1,0.2838068483894922,0.3043466692468543
2019-02-27,310,0.05325916849516128,268.33291677908136,268.9880676269531,1,0.28313666224299006,0.2899469854739469
2019-02-28,272,-0.03555636849811321,268.7567876101818,268.4870300292969,0,0.28023193252987677,0.1357880533613762
2019-03-01,347,0.005416771016000005,270.18271004972854,270.1634521484375,0,0.2899508701185265,0.2069059641079314
2019-03-04,442,0.03389241271538461,271.30033168874354,269.1807861328125,0,0.2842539340262955,0.2563317139734052
2019-03-05,371,0.12903312520408158,269.31563568079434,268.81463623046875,0,0.2821312060997556,0.4214693817082441
2019-03-06,269,0.070520273092,268.93990177799395,267.18646240234375,0,0.27269198453476484,0.31990743543366
2019-03-07,306,0.214679239065625,266.7047036131309,264.9512939453125,0,0.2597337549301941,0.5701270816947563
2019-03-08,231,0.10886110677959182,262.9569925800576,264.42138671875,1,0.2566616556039363,0.3864563994739541
2019-03-11,557,0.03525411456222221,265.19217721522335,268.255859375,1,0.2788917371603534,0.2586952475360081
2019-03-12,566,0.04533936157090909,268.8531906499312,269.2674560546875,1,0.28475639671269093,0.276200415680951
2019-03-13,570,0.09622059671111112,270.2213042786049,271.0498352050781,1,0.2950896126278073,0.3645160093183134
2019-03-14,367,0.018065186245098033,271.0786536164605,270.8763427734375,0,0.2940838026376107,0.22886007541147263
2019-03-15,459,0.03322753578,271.46959741011347,272.2146911621094,1,0.3018427819023557,0.2551776735676941
2019-03-19,566,0.052039005052941206,274.3435359052402,273.2694091796875,0,0.3079574343335232,0.2878291229960149
2019-03-20,598,0.025639302482539674,273.0371922194131,272.4468994140625,0,0.30318899267023713,0.242006622855631
2019-03-21,884,0.06365809066612901,271.5663504739557,275.52410888671875,1,0.32102889496601406,0.30799660597131007
2019-03-22,543,0.014808969459375,274.0629260143367,270.2212829589844,0,0.29028614011525855,0.2232081937767075
2019-03-25,307,0.06093598595531915,269.85354986520156,270.01806640625,1,0.289108006654446,0.30327179351705646
2019-03-26,373,0.07027186693508775,271.90502118927986,272.03082275390625,1,0.30077681792857636,0.31947627181999316
2019-03-27,318,0.09182700878666668,272.02109366948895,270.6083068847656,0,0.29252988370288824,0.3568899694889721
2019-03-28,244,0.03198221823999999,271.2856869528469,271.634033203125,1,0.2984764588269868,0.2530161506111646
2019-03-29,269,0.06826400836615382,273.2597762181015,273.34686279296875,1,0.3084064661286188,0.3159911909062408
2019-04-01,400,0.08572950256349206,275.4950914598943,276.5885314941406,1,0.3271998090641792,0.346306404048327
2019-04-02,327,0.08141654308510637,276.7917428659247,276.7239990234375,0,0.32798517239689384,0.3388203126510181
2019-04-03,673,0.04097987637462686,278.03034955403325,277.1594543457031,0,0.33050969354906923,0.2686335686497799
2019-04-04,598,-0.020884658180357164,277.50780568046986,277.8948669433594,1,0.33477319559722396,0.16125403905959396
2019-04-05,384,-0.015882098435999997,278.6109509789344,279.23992919921875,1,0.34257109802781627,0.16993708364984209
2019-04-08,534,0.06408264688039214,278.7851570584824,279.4528503417969,1,0.3438054931556267,0.3087335168185362
2019-04-09,473,0.030734484425490195,278.4174383419608,278.02069091796875,0,0.33550265110990307,0.2508504336778747
2019-04-10,468,0.14452269781346153,278.4658183827993,278.9690246582031,1,0.341000548285868,0.4483549476033527
2019-04-11,402,0.02512483667166667,279.4915204477848,278.8915710449219,0,0.3405515164907724,0.24111365409478663
2019-04-12,908,0.1057186793074627,280.6237035209329,280.7785339355469,1,0.3514910491757046,0.38100202426276425
2019-04-15,777,0.1105541701,280.85592523237665,280.59466552734375,0,0.3504250852019255,0.38939508387883304
2019-04-16,1291,0.08352372023595504,281.54299987930256,280.7785339355469,0,0.3514910491757046,0.342477782845354
2019-04-17,747,0.09661426967179484,281.97842642767347,280.09149169921875,0,0.3475079708451334,0.3651993154748161
2019-04-18,360,0.15872554068360656,280.7204963845595,280.64306640625,0,0.35070568584299,0.47300711054630706
2019-04-22,435,0.055175197649056616,279.82050727071197,280.8849182128906,1,0.35210780443090717,0.29327267620622754
2019-04-23,832,0.04783046163974361,281.2816719837079,283.4105529785156,1,0.3667499917288273,0.28052426868457764
2019-04-24,1048,0.05110226594698793,283.3235079015234,282.7816162109375,0,0.36310377570631847,0.28620320589715437
2019-04-25,1186,0.07880668101647058,282.6751962459362,282.6074523925781,0,0.36209407339953703,0.3342903220313311
2019-04-26,835,0.08324762266578947,282.6558192389912,283.9234619140625,1,0.36972354467609825,0.3419985546830695
2019-04-29,1020,0.1771099656868421,284.02021452215325,284.3685607910156,1,0.37230397364830914,0.5049173305590178
2019-04-30,1055,0.09426663326081082,284.00087005467,284.51373291015625,1,0.37314559864802166,0.36112447525701397
2019-05-01,843,0.08450053291325303,285.19110039343184,282.37518310546875,0,0.3607475087846932,0.344173256456212
2019-05-02,680,0.13038017431250007,282.24933682971005,281.7655029296875,0,0.3572129314787742,0.42380748221505865
2019-05-03,473,0.14799554332037038,283.35253702817323,284.5234069824219,1,0.37320168339153836,0.45438283611094055
2019-05-06,385,0.05141474439655175,279.8979573587673,283.3525390625,1,0.36641366019120825,0.28674558109099685
2019-05-07,541,0.004406196166666662,280.76882934256565,278.62060546875,0,0.33898061290186177,0.20515188880909213
2019-05-08,489,0.08503190611454549,278.2335510253906,278.2335510253906,0,0.3367366923907511,0.34509557171813166
2019-05-09,280,0.08655502242142858,276.0079350589661,277.3916931152344,1,0.33185608124043187,0.34773927563865314
2019-05-10,298,0.10938776013728813,276.3853289828087,278.78515625,1,0.3399345843120889,0.3873705224074461
2019-05-13,388,0.0457398090557377,273.28879448745664,271.7792053222656,0,0.29931808382669933,0.2768954805166567
2019-05-14,260,0.12262582088474579,272.8726757115426,274.2370910644531,1,0.31356750099652153,0.4103480934176169
2019-05-15,321,0.1309258891019608,272.4856054503832,275.8434143066406,1,0.3228800453490268,0.4247546904629542
2019-05-16,516,0.08248854334090905,276.59819360896296,278.3980712890625,1,0.33769048687749703,0.3406810052759071
2019-05-17,357,0.12808896407962964,275.9208252715021,276.5981750488281,1,0.32725571688421473,0.41983058206107493
2019-05-20,399,0.057623133451388905,274.8757469233032,274.7693176269531,0,0.3166530465073447,0.297521608115475
2019-05-21,402,0.10834602992631581,276.5884844244928,277.24652099609375,1,0.33101445624071935,0.3855623701143957
2019-05-22,452,0.04052485856562501,276.22078537946834,276.39495849609375,1,0.3260775834234022,0.26784378499364725
2019-05-23,498,0.07234224137704919,274.0048328447325,273.017822265625,0,0.30649887715512714,0.32306986280475636
2019-05-24,270,0.035443828961111125,274.5660989739642,273.63714599609375,0,0.31008936228108164,0.25902453867277514
2019-05-28,447,0.15210072567500002,273.93710914584443,271.0921630859375,0,0.2953350054961281,0.46150828453293236
2019-05-29,433,0.12717225774754096,269.8923014679691,269.2729797363281,0,0.2847884198627746,0.41823943625483695
2019-05-30,313,0.07910415980350875,270.08579277795184,270.0083923339844,0,0.2890519219109293,0.33480666200616477
2019-05-31,314,0.03644134998103448,267.2699182995372,266.3699645996094,0,0.2679583967972605,0.26075595617467995
2019-06-03,645,0.05458784908333331,266.4086612695179,265.6925964355469,0,0.2640314032102058,0.2922532033669583
2019-06-04,409,0.04289875082692307,268.1601485145747,271.45989990234375,1,0.2974669334436866,0.2719641980243056
2019-06-05,376,-0.008064238916666671,273.20167429225324,273.8113098144531,1,0.3110990645878631,0.18350670126075383
2019-06-06,466,0.22186233975846154,274.1306384759494,275.591796875,1,0.32142131124714957,0.582594935513493
2019-06-07,381,0.1979013748745762,276.6852804117331,278.34967041015625,1,0.33740988623643253,0.5410054019258473
2019-06-10,447,-0.008078799173584901,280.0140448817271,279.6269836425781,0,0.34481501853892693,0.1834814287269857
2019-06-11,360,0.029194778090740767,281.5816876105956,279.55926513671875,0,0.3444224253343102,0.24817793410890956
2019-06-12,282,0.027756630263414645,279.307682360649,279.0657653808594,0,0.34156139572103483,0.24568171170474398
2019-06-13,499,0.11855749977169812,280.04308150585456,280.2172546386719,1,0.34823707251085034,0.4032866258015854
2019-06-14,242,0.13176762471,279.90765380859375,279.90765380859375,0,0.34644218379483527,0.4262157080602049
2019-06-17,282,-0.035929949577777766,280.1592434225294,280.01409912109375,0,0.347059292897,0.13513962109098515
2019-06-18,432,0.01845282559,281.9687813971907,282.94610595703125,1,0.3640573932695832,0.22953290889847197
2019-06-19,339,-0.009197776806122462,283.09125770891035,283.58477783203125,1,0.3677600478825711,0.18153919651481198
2019-06-20,445,0.1040693321943662,286.46842264180185,286.2942199707031,0,0.38346784530730815,0.3781392189671417
2019-06-21,315,-0.008051735125999986,286.00449569914866,285.8780822753906,0,0.3810553167186852,0.18352840434426593
2019-06-24,339,0.006122367508620683,286.10174301466105,285.5280456542969,0,0.3790260043901794,0.20813068227647682
2019-06-25,500,0.028556877359999996,285.5863216570066,282.7275390625,0,0.36279026729776453,0.24707071684970106
2019-06-26,370,-0.006001913789999993,283.69022517679696,282.4455871582031,0,0.36115567125564896,0.18708632088541402
2019-06-27,326,0.027042227963043477,283.2623595431587,283.4471130371094,1,0.3669619460592153,0.2444417091167697
2019-06-28,311,0.03429886036071428,284.4972599028505,284.9056701660156,1,0.37541782691611236,0.25703719340960385
2019-07-01,400,-0.00325379934848486,288.4840292205206,287.4922180175781,0,0.3904131534823585,0.19185627895771826
2019-07-02,325,0.0739720174769231,287.4435821493887,288.2409362792969,1,0.3947537941682837,0.3258986982950848
2019-07-03,287,0.15130400899824561,288.9701989922963,290.5454406738281,1,0.4081139939219709,0.46012540720940687
2019-07-05,250,0.11615305893529411,289.22303258366463,290.21484375,1,0.4061973818509417,0.39911318898842996
2019-07-08,287,0.022500780596491222,288.80493173370076,288.62017822265625,0,0.39695242226822636,0.23655902664955503
2019-07-09,414,0.10552034043823527,287.3755077799212,288.97991943359375,1,0.39903799626373004,0.3806577634575987
2019-07-10,441,0.0862841014114754,290.12735740328884,290.3607177734375,1,0.40704307609072,0.3472690325371065
2019-07-11,662,0.013577788663953492,291.0510845572677,291.0413513183594,0,0.410989000490255,0.2210712082549732
2019-07-12,457,0.06782519599850746,291.5664726935803,292.3443603515625,1,0.41854310236385706,0.31522953536393095
2019-07-15,472,0.0974022716910448,292.81103524865455,292.4415283203125,0,0.41910642672775955,0.36656706659024674
2019-07-16,645,0.076527009445946,292.34437411430946,291.4984130859375,0,0.41363878346706695,0.3303334497680235
2019-07-17,706,0.1326528979813334,291.46919127697834,289.51470947265625,0,0.4021384033469677,0.4277522948642333
2019-07-18,774,0.04856815711780821,288.9799369668928,290.5746154785156,1,0.40828313276992656,0.28180470171434496
2019-07-19,548,0.06694211836333333,291.7511891902788,288.9604797363281,0,0.39892529600625326,0.31369675957019516
2019-07-22,363,0.044152775764615376,289.3882912397607,289.6702880859375,1,0.40304035925374393,0.27414083458792643
2019-07-23,596,0.08707955047671231,290.87608782364725,291.7414855957031,1,0.41504797899422896,0.3486497096415658
2019-07-24,891,0.11252615235925928,290.9246760837113,293.1125183105469,1,0.42299644330725905,0.3928178935529486
2019-07-25,834,-0.008969498852173916,292.6263756853218,291.71234130859375,0,0.4148790170697545,0.18193542319763004
2019-07-26,529,0.10854926672027028,292.45128027034843,293.666748046875,1,0.4262095506479735,0.38591513234702596
2019-07-29,475,0.07501870774347828,293.540337724207,293.1319274902344,0,0.42310896664125464,0.3277154598573888
2019-07-30,782,0.017203228013580263,291.62479370438865,292.41241455078125,1,0.41893764172676606,0.22736395699576703
2019-07-31,680,0.1487221010038461,292.67493756447374,289.2132873535156,0,0.4003909301238944,0.45564393704434236
2019-08-01,583,0.048429436513253044,289.37861748444556,286.6948547363281,0,0.38579049676751964,0.28156392154249443
2019-08-02,448,0.07795847846478872,285.73222504949,284.53619384765625,0,0.3732758143301298,0.33281807962860444
2019-08-05,539,-0.02090874894197531,280.131306106772,275.9792785644531,0,0.3236677086869961,0.16121222423517745
2019-08-06,400,0.13818208076,278.01156256919427,279.8493347167969,1,0.34610408302240514,0.43734940975505476
2019-08-07,421,0.06250954198750001,276.5432648156891,280.0146484375,1,0.34706247751966024,0.3060030466936112
2019-08-08,739,-0.018133487836923073,281.6190476169258,285.508544921875,1,0.37891295028574024,0.16602930132294874
2019-08-09,453,0.02435865539361702,284.49725273477105,283.56378173828125,0,0.36763832452755696,0.23978377768321102
2019-08-12,339,0.02762499426428571,281.9497109107789,280.1119384765625,0,0.3476265095774873,0.24545322842647674
2019-08-13,299,0.1254774494564516,279.7909607848025,284.46807861328125,1,0.3728809211202584,0.41529772306889234
2019-08-14,639,-0.038131427282352935,280.11188190628945,276.05706787109375,0,0.32411868664038423,0.13131847150954828
2019-08-15,603,0.016784293145454536,277.01000321373374,276.7863464355469,0,0.32834662706883266,0.22663680323324603
2019-08-16,476,0.025986989427272743,278.5657781320145,280.87030029296875,1,0.35202305808344825,0.24261011014990463
2019-08-19,488,0.060191097185245894,284.1180639298385,284.2541809082031,1,0.3716408644410518,0.30197887494419645
2019-08-20,603,0.08806935371964286,283.7096314644053,282.0760498046875,0,0.3590133048227042,0.3503677312411344
2019-08-21,689,0.10251580954000002,284.40005016940586,284.3708801269531,0,0.3723174198328747,0.37544273813149787
2019-08-22,730,0.06697715767419359,285.1293463388307,284.2833557128906,0,0.3718100032890075,0.31375757801398374
2019-08-23,659,0.03616607214375,282.88312312201236,276.9808044433594,0,0.32947398349056245,0.2602781508394124
2019-08-26,376,0.16986017518135596,279.33397925739536,280.0438232421875,1,0.3472316163676159,0.49233372187746216
2019-08-27,461,0.02482055061176471,281.541321333882,278.945068359375,0,0.3408616633531849,0.24058549859813316
2019-08-28,497,0.026583303059090912,278.2352112553263,280.90924072265625,1,0.352248812445364,0.24364514383654687
2019-08-29,665,0.1163069943911765,283.66102578201327,284.49725341796875,1,0.37305005996821405,0.3993803778868644
2019-08-30,405,0.01570647483378379,286.09197198068364,284.3708801269531,0,0.3723174198328747,0.2247660120905756
2019-09-03,267,0.14291283667812502,282.5428123491066,282.7080993652344,1,0.36267756704028775,0.4455606789216039
2019-09-04,416,0.1382366477208955,285.04183069139395,285.9169616699219,1,0.38128071723363877,0.43744412273777217
2019-09-05,420,0.12261963612753629,288.59095451463804,289.5924987792969,1,0.4025893813003558,0.41033735840886654
2019-09-06,292,0.004845850880701743,289.93290248741306,289.8161926269531,0,0.40388623041700344,0.20591500642914365
2019-09-09,477,0.0913166841,290.8760703740007,289.9620361328125,0,0.40473174773330056,0.356004188561552
2019-09-10,771,0.08853171605568182,289.14520422208824,289.8939514160156,1,0.40433703144691036,0.3511702629420713
2019-09-11,712,0.02366720790714285,290.2245885720453,291.9554138183594,1,0.4162882125969165,0.2385836182321135
2019-09-12,534,0.0031108499662337616,292.9278020355383,292.9667053222656,1,0.4221511029144429,0.20290353009016737
2019-09-13,454,0.0020736494157894787,293.4431575349361,292.772216796875,0,0.42102356956923215,0.20110324002092905
2019-09-16,437,0.030620513425373124,291.5567224894044,291.8678894042969,1,0.4157807960530495,0.25065261189730964
2019-09-17,516,0.08941314695714285,291.6539655283376,292.6069030761719,1,0.42006517507197705,0.352700180466643
2019-09-18,512,-0.01240916888088236,292.18875760517443,292.78192138671875,1,0.42107983123622983,0.1759651180416137
2019-09-19,597,0.035509600449999984,293.20003149160215,292.762451171875,0,0.42096695405527207,0.2591386995823841
2019-09-20,524,-0.05683673504516129,293.4110769537525,291.37921142578125,0,0.412947720349792,0.09885128877135378
2019-09-23,493,0.061818604238181814,290.6660872367905,291.3108215332031,1,0.41255123482859046,0.30480377200365216
2019-09-24,758,-0.01426565206515152,292.48313464155206,289.0250244140625,0,0.39929948916883307,0.17274278245866775
2019-09-25,617,0.04907809210615382,289.1128979245689,290.7344970703125,1,0.4092100348875414,0.28268980623447126
2019-09-26,722,0.059814452250000004,290.7442748078744,290.12884521484375,0,0.40569881148113085,0.3013251246774215
2019-09-27,460,0.028585258582352946,290.9396312508502,288.56585693359375,0,0.3966374984718235,0.2471199787139885
2019-09-30,315,0.07341736411071428,289.1226644032049,289.9041442871094,1,0.4043961238896061,0.32493597517791367
2019-10-01,507,0.04691165098076922,290.85170193409897,286.455810546875,0,0.3844046551398661,0.27892947035540844
2019-10-02,632,0.03313229749843748,284.75610844196774,281.39569091796875,0,0.35506897273449933,0.2550123665473354
2019-10-03,511,0.04683241992711864,281.1514175209388,283.7010498046875,1,0.36843412634565786,0.27879194740577123
2019-10-04,272,0.07619233937166667,284.4044334579725,287.5401611328125,1,0.3906911002712061,0.3297525561202731
2019-10-07,262,0.069462000556,286.68049106271417,286.29949951171875,0,0.3834984530695429,0.3180705702909522
2019-10-08,326,0.051179448454000014,284.30673753194026,281.85479736328125,0,0.3577306095845465,0.2863371731427688
2019-10-09,222,-0.042033511065306124,284.02347408174586,284.53143310546875,1,0.3732482142670741,0.12454554540497047
2019-10-10,328,0.12171964286935483,284.4434715412028,286.455810546875,1,0.3844046551398661,0.40877522182458537
2019-10-11,333,0.05876497673833335,289.41569788739093,289.42547607421875,1,0.4016210790881576,0.29950352870858693
2019-10-14,310,-0.027559749281481468,289.0835625231629,289.1031188964844,1,0.3997522363570323,0.14966794781092685
2019-10-15,458,0.016521913245161293,290.2265140236138,291.96533203125,1,0.41634571272828214,0.2261813851092744
2019-10-16,475,0.08673461965094341,291.46715520843395,291.4964599609375,1,0.4136274603642749,0.348051006198977
2019-10-17,403,0.01760690743870968,292.74681903646524,292.3560791015625,0,0.418611040980609,0.22806463157591939
2019-10-18,533,0.06692481321206897,291.7797292978183,291.0763854980469,0,0.41119210864658684,0.3136667226675397
2019-10-21,536,0.07304546988028168,292.49283137924454,293.04962158203125,1,0.42263180401266,0.3242904708060079
2019-10-22,999,-0.008456519311363637,293.625970555032,292.0923156738281,0,0.41708189133324414,0.1828258122093285
2019-10-23,1114,0.002312151393506493,291.81884163152034,292.9422302246094,1,0.42200921028258054,0.2015172127495337
2019-10-24,995,0.06748050402933331,293.9484138184989,293.4208984375,0,0.42478425508402906,0.31463124650958685
2019-10-25,618,0.0004409281164179164,292.80542212162425,294.6224060058594,1,0.4317499094594086,0.19826929248799202
2019-10-28,594,0.05202914306231885,295.9313935558951,296.2830505371094,1,0.4413773776083165,0.2878120053385158
2019-10-29,861,0.03915044307058826,295.9900266567092,296.1951599121094,1,0.44086783798267604,0.2654581840935494
2019-10-30,766,0.005308782195348836,296.41007275544393,297.1036682128906,1,0.4461348500157727,0.2067185257178112
2019-10-31,491,0.040960460292537304,297.09388763357214,296.3123779296875,0,0.44154740107367796,0.2685998677616012
2019-11-01,523,0.04329269193749999,297.8656273184504,299.0574035644531,1,0.4574614912774071,0.27264796961402615
2019-11-04,251,0.0633951314962963,300.7278169413698,300.2589111328125,0,0.46442714565278664,0.3075401823974292
2019-11-05,447,0.06318649325074625,300.473830214876,299.9267883300781,0,0.46250168740770126,0.30717804475551785
2019-11-06,390,0.04701802557499998,299.92676002304614,299.9951477050781,1,0.4628979960054218,0.2791141068999329
2019-11-07,592,0.027063370197058838,301.4311624597181,301.0501708984375,0,0.4690144176714004,0.24447840612191793
2019-11-08,368,0.03647427043114754,300.6789928036587,301.7926330566406,1,0.47331878904369495,0.2608130968688186
2019-11-11,320,0.06318253822500002,300.3078009336649,301.2162780761719,1,0.4699774121791649,0.30717117993697196
2019-11-12,341,0.05324826352222222,301.60694961794763,301.8511657714844,1,0.47365812828049303,0.2899280574908495
2019-11-13,728,0.09466891034833334,300.78644208525685,301.94891357421875,1,0.4742248141905372,0.3618227157712893
2019-11-14,775,0.07272845185517242,301.64606134617753,302.3884582519531,1,0.4767730430891832,0.32374021617865617
2019-11-15,657,0.0839942190347222,303.8244856827931,304.5766906738281,1,0.4894591643797832,0.3432944371699649
2019-11-18,537,0.02161861141428571,304.3226763754547,304.80133056640625,1,0.4907614981243458,0.2350278276760948
2019-11-19,669,0.05202194510793652,305.4460579745733,304.7134094238281,0,0.4902517815752241,0.2877995117028464
2019-11-20,770,0.0027596396836065615,304.07850238265223,303.5802917480469,0,0.48368261272104607,0.20229392726672374
2019-11-21,536,0.06107814268813559,303.6975086035414,303.0918273925781,0,0.48085077548215627,0.30351853784654526
2019-11-22,445,0.06090776267878789,303.8928663341716,303.765869140625,0,0.4847584844097683,0.30322280580254085
2019-11-25,422,0.024168448828571425,304.76229061936186,306.1201171875,1,0.4984070694376894,0.23945363228364597
2019-11-26,441,0.081944791619403,306.1592074492552,306.8136901855469,1,0.5024280093932216,0.33973720436494614
2019-11-27,317,0.06646695324754097,307.3314379829455,308.18133544921875,1,0.5103568351998466,0.31287200582431346
2019-11-29,99,0.048803766953333334,307.5756242895482,307.0383605957031,0,0.5037305200612652,0.28221365449298463
2019-12-02,274,0.03480445004354839,307.31187839174436,304.4301452636719,0,0.48860957782342007,0.257914755694666
2019-12-03,385,-0.08288685593620691,301.5092859775995,302.3884582519531,1,0.4767730430891832,0.05363556465462563
2019-12-04,275,0.01936490721636364,303.5118755575033,304.2542724609375,1,0.4875899678016957,0.23111602750901825
2019-12-05,382,-0.027796556123809532,305.0064936295682,304.80133056640625,0,0.4907614981243458,0.14925691736325858
2019-12-06,321,0.04459160149710146,306.8527700918942,307.5854187011719,1,0.5069020503839152,0.2749025133278601
2019-12-09,222,0.08077676999245284,307.16532796084704,306.6182861328125,0,0.5012951683435769,0.337709845495195
2019-12-10,232,-0.009599493565624994,306.5596662782978,306.2763671875,0,0.49931291766105046,0.18084192857326564
2019-12-11,302,0.04004397225090909,306.7648214446268,307.14581298828125,1,0.5043534676383068,0.2670091008465507
2019-12-12,440,0.06264587417272724,307.15557460188967,309.7931213378906,1,0.5197010488554732,0.30623968123750633
2019-12-13,273,-0.004569713660784324,309.5391281864626,309.9787292480469,1,0.5207770974676766,0.189572219749124
2019-12-16,357,-0.04962510628269234,311.8347554395153,312.1082763671875,1,0.533122994904073,0.11136865934018454
2019-12-17,390,0.16367852737258065,312.51860542566243,312.17669677734375,0,0.5335196573487557,0.4816041101771019
2019-12-18,469,0.1952524535753623,312.59674618578015,312.19622802734375,0,0.5336328883766759,0.5364076154060409
2019-12-19,467,0.1546921634481482,312.401364343051,313.4759216308594,1,0.5410518207106982,0.46600629572859675
2019-12-20,361,0.06164947169107143,314.5851808272706,314.8502502441406,1,0.5490193927596896,0.30451020520519895
2019-12-23,431,-0.04783536933720931,315.69448052998547,315.3312683105469,0,0.5518080606691849,0.11447514212031985
2019-12-24,300,0.013781728206250003,315.57668560888084,315.3410949707031,0,0.5518650300301071,0.2214251902621792
2019-12-26,424,0.047519256573809524,315.75335485421294,317.01971435546875,1,0.5615967061093978,0.27998410372857385
2019-12-27,403,0.09332213162045457,317.80503432295023,316.941162109375,0,0.5611413050689817,0.35948508456947115
2019-12-30,343,0.025927142695238097,317.02956069983674,315.1938171386719,0,0.551011197310197,0.2425062329611467
2019-12-31,271,0.04734504529,314.6538985142682,315.9595031738281,1,0.5554502074516279,0.27968172166364225
2020-01-02,783,0.11048369926949152,317.6087020852322,318.914306640625,1,0.5725804696646115,0.38927276622649376
2020-01-03,756,0.043957450669354824,315.2723661984327,316.49945068359375,1,0.5585805146031757,0.27380180485146904
2020-01-06,725,0.006665427938356161,314.61463234389674,317.7069091796875,1,0.5655806690573748,0.209073283298266
2020-01-07,820,0.10506193020547944,317.0982301249341,316.8135681152344,0,0.5604015879943973,0.37986209150262906
2020-01-08,1023,0.057763798845000006,317.0197474843495,318.5020751953125,1,0.5701905872815725,0.2977657638972041
2020-01-09,995,0.0939454840526316,320.18067464163465,320.66168212890625,1,0.5827107543468772,0.3605670500512703
2020-01-10,642,0.09463217166885249,321.2899735897435,319.7389221191406,0,0.5773611190480952,0.3617589476988582
2020-01-13,937,0.035771621152173916,320.4064673189903,321.9378662109375,1,0.5901093404805702,0.2595934942388819
2020-01-14,915,0.05371331798636365,321.46667456807836,321.4470520019531,0,0.5872638801336338,0.2907352619732325
2020-01-15,893,0.08066108766470588,321.34886480214504,322.1734619140625,1,0.5914751897548567,0.337509053328492
2020-01-16,825,0.10531694737831326,323.65578851733926,324.8534240722656,1,0.607012079096827,0.38030472999095355
2020-01-17,919,0.1141620538472973,325.61917658951455,325.8645935058594,1,0.6128742617204288,0.3956573610039691
2020-01-21,1327,0.10440431134390246,324.8338098903767,325.2264709472656,1,0.6091747917301011,0.37872064908309533
2020-01-22,1165,0.032667743575324676,326.14921134016885,325.2657165527344,0,0.6094023153268282,0.25420603086418575
2020-01-23,866,0.10879592602906978,324.56874938485095,325.6387634277344,1,0.6115650279601024,0.386343263920931
2020-01-24,887,0.07187441257857141,326.3455614451528,322.7428283691406,0,0.5947760511422091,0.32225784285389686
2020-01-27,778,0.09067169461358023,317.1080730528768,317.5694580078125,1,0.5647838056983869,0.35488466720508216
2020-01-28,1052,0.035705147642500004,319.10084002066327,320.8973083496094,1,0.5840767805446447,0.25947811481753263
2020-01-29,1696,-0.0068405189349397665,322.3599770451185,320.6322326660156,0,0.5825400231875915,0.18563073689656967
2020-01-30,1258,0.00732122351494253,318.4136775337466,321.6728210449219,1,0.5885727600469981,0.21021156100499605
2020-01-31,972,0.05245745739876543,321.0052863428602,315.8319091796875,0,0.5547104903770435,0.2885554392347733
2020-02-03,1456,0.06296991410307695,317.42222731204834,318.1781005859375,1,0.5683123676059476,0.30680212392845496
2020-02-04,3588,0.07044276016464646,322.05565512600896,323.0274963378906,1,0.5964263933741449,0.31977289467074543
2020-02-05,3663,0.08837491955486729,326.17866276389344,326.7578430175781,1,0.6180528120129629,0.3508981080698176
2020-02-06,1708,-0.002374315163736259,327.7886064056648,327.8573303222656,1,0.6244270111909409,0.1933828175265388
2020-02-07,1422,0.04637608328588235,326.7185838894743,326.1099548339844,0,0.6142967265086752,0.2779998746257333
2020-02-10,1657,0.029725911820689656,325.1577594925206,328.54449462890625,1,0.6284107972154367,0.24909983371555255
2020-02-11,2348,0.036410889435238104,329.99735585698477,329.1138610839844,0,0.6317116586027893,0.26070308518644403
2020-02-12,1926,0.05696248996037733,330.6550732199278,331.2342834472656,1,0.6440046559183294,0.2963749157851773
2020-02-13,1950,0.06899802360927833,329.70284634112176,330.880859375,1,0.6419557050834186,0.3172652360774476
2020-02-14,1061,0.04991001801318679,331.32263373759,331.4109802246094,1,0.6450290428740442,0.28413379693437213
2020-02-18,2049,0.09883123997017543,330.3409472301592,330.5569152832031,1,0.6400776623312747,0.3690473558660994
2020-02-19,2631,0.0927647043883333,331.59745450784254,332.1373596191406,1,0.6492401755717858,0.35851754679687636
2020-02-20,2437,0.036459780800840336,331.54841455618833,330.7729187011719,0,0.6413299267306789,0.2607879469230942
2020-02-21,1470,0.06635896532631581,329.3200250153591,327.36651611328125,0,0.6215815508440046,0.31268456899534525
2020-02-24,1810,0.09397934258029202,317.2160486206881,316.5092468261719,0,0.558637307040617,0.3606258189856678
2020-02-25,1732,1.9520267213126642e-05,318.0013693186783,306.9183349609375,0,0.5030346800099998,0.19753784632196608
2020-02-26,2315,0.07231171999126985,308.42032122229904,305.7894592285156,0,0.496490103519698,0.3230168862153259
2020-02-27,3120,0.05273375537972973,299.8601782047956,292.0559387207031,0,0.4168709985437429,0.2890350152541531
2020-02-28,2231,-0.05043586890247931,283.4074229048015,290.8288269042969,1,0.40975690536769926,0.10996140218795211
2020-03-02,617,0.0882970676534091,292.743037494926,303.423583984375,1,0.48277411064546816,0.3507629789426623
2020-03-03,553,0.03225160195526314,303.8261219154111,294.7358703613281,0,0.43240771096223196,0.253483725399083
2020-03-04,600,-0.02814616695294118,300.50805180478454,307.1244812011719,1,0.5042297981250004,0.14865009074374483
2020-03-05,1101,-0.015268620300000002,299.3889825515705,296.9151611328125,0,0.44504199367286246,0.17100191011514096
2020-03-06,154,0.08534530981818182,287.775850977718,292.0068359375,1,0.4165863286626126,0.34563955289426707
2020-03-09,998,0.02621073966330275,270.25305924368547,269.20269775390625,0,0.2843809650857434,0.24299847798073737
2020-03-10,892,0.10979582927322838,279.4218662133681,283.132568359375,1,0.365138395739258,0.3880788162978429
2020-03-11,1214,0.07481468488384614,275.55412153419564,269.330322265625,0,0.2851208590838088,0.3273613332345905
2020-03-12,1650,0.047491094387878796,251.3068951387064,243.56153869628906,0,0.13572817547129334,0.27993522205025484
2020-03-13,2491,-0.028759804598425195,258.2668913015927,264.3826904296875,1,0.2564373166298697,0.14758498741459364
2020-03-16,4124,-0.01812733960815218,236.75857709728493,235.45297241210938,0,0.08871934115111024,0.16603997292854603
2020-03-17,3204,0.05569367998554216,240.54780814120093,248.16555786132812,1,0.16241964798950348,0.2941726165321853
2020-03-18,4216,0.059393430807909584,231.91895127296448,235.60020446777344,1,0.0895729084857988,0.300594349206075
2020-03-19,3033,0.014449510786309525,234.8639496777801,236.10084533691406,1,0.09247533819365739,0.2225842740543894
2020-03-20,2026,0.057087477545985435,239.48383235792218,225.92628479003906,0,0.03348904958652099,0.296591859277014
2020-03-23,2614,-0.03522496577323943,225.3239408921221,220.14974975585938,0,0.0,0.13636327580437743
2020-03-24,2146,0.04256086070434784,231.47569151958186,240.09603881835938,1,0.11563718726342032,0.27137771527330307
2020-03-25,2443,-0.02663628275390071,241.7944397914096,243.69032287597656,1,0.13647479256164163,0.15127082742583403
2020-03-26,1900,0.011232476380000002,246.38603491723777,257.9193420410156,1,0.2189665156388858,0.2170004020716796
2020-03-27,1076,0.005564789549056599,250.08893531358237,250.23704528808594,1,0.17442894850305946,0.2071628828831971
2020-03-30,1465,0.047442107228776974,252.4884128098989,258.3636779785156,1,0.2215425215240685,0.27985019404288114
2020-03-31,1280,0.03731039714621214,257.28738426159487,254.51268005371094,0,0.19921663590262217,0.2622643789965719
2020-04-01,609,0.09406868963999998,244.86538198695774,243.05836486816406,0,0.13281106111450125,0.36078090049255573
2020-04-02,632,0.06829994869892474,242.11043641401105,248.6670379638672,1,0.16532694309309304,0.3160535732720666
2020-04-03,99,0.18471876543111113,247.61046705664478,245.07275390625,0,0.14448933779487172,0.5181240788706757
2020-04-06,531,0.050984411530508485,254.6015374490775,261.5333557128906,1,0.23991850196765463,0.28599864359190597
2020-04-07,1489,0.046328832290082646,270.7659302740175,261.79998779296875,0,0.24146428242224527,0.2779178601122784
2020-04-08,1183,0.009782031366666655,264.5944274627362,270.58819580078125,1,0.29241329112882664,0.21448283519190714
2020-04-09,1634,0.06391703503759397,274.09357245526996,274.705810546875,1,0.3162848687431232,0.3084460609780914
2020-04-13,2890,0.054285174331007754,273.65914548733275,272.1977233886719,0,0.30174441244685,0.2917278446496038
2020-04-14,4162,0.05413334565869564,277.4509123626697,280.2256164550781,1,0.3482855495446786,0.2914643125382179
2020-04-15,3285,0.020454412761363654,274.08374628145333,274.2713623046875,1,0.3137661860658252,0.2330071044200394
2020-04-16,5507,0.12991394196794864,275.64387288626386,275.5945129394531,0,0.3214370574369698,0.4229982332617158
2020-04-17,4527,0.061759424619496836,281.7956109718446,283.039794921875,1,0.36460054835663747,0.30470105273708964
2020-04-20,3657,0.08535465097378046,279.0604005958566,278.05322265625,0,0.3356912515407824,0.34565576652783314
2020-04-21,4439,0.007496395819277112,273.25428223391987,269.6106262207031,0,0.28674590125794364,0.210515611132779
2020-04-22,3508,0.011085921705696203,274.8539329316264,275.5945129394531,1,0.3214370574369698,0.21674602414579383
2020-04-23,4006,0.09158688815120478,276.96703154275116,275.5747375488281,0,0.32132241102120074,0.35647318722323185
2020-04-24,2715,0.02093075619934641,277.2040679088889,279.4159240722656,1,0.3435914157434652,0.2338339034036881
2020-04-27,3366,0.05603932736706588,281.5389194500534,283.4446716308594,1,0.3669477921807254,0.2947725637151567
2020-04-28,4816,0.028391625897206715,287.36477113089927,282.1412353515625,0,0.35939121337838764,0.2467838865281529
2020-04-29,5976,0.045289249916292136,287.86839069692184,289.52728271484375,1,0.4022112958211912,0.27611343586386417
2020-04-30,5013,0.017230928963333326,288.04613601093524,286.83160400390625,0,0.3865832908864415,0.22741203809708108
2020-05-01,3190,0.058620871902272734,281.72649707023567,279.2381591796875,0,0.3425608364659112,0.29925340301671566
2020-05-04,3060,0.06776183467702704,277.2139200162585,280.0083923339844,1,0.3470262082060296,0.3151195578308626
2020-05-05,3939,0.06311653975436242,283.0398190427618,282.595458984375,0,0.36202454247145477,0.3070566250505299
2020-05-06,2795,0.04728804539426753,284.42224639332744,280.6798400878906,0,0.35091887863774596,0.279582785786496
2020-05-07,2513,0.07733173898475613,284.1358699780135,284.0667419433594,0,0.3705542004199811,0.33173023517902434
2020-05-08,2842,0.10276106722467532,287.4339176922813,288.7669677734375,1,0.3978034242124384,0.3758684368779324
2020-05-11,3482,0.054636560769594604,286.6933283587966,288.8262023925781,1,0.3981468326893025,0.2923377532305257
2020-05-12,3309,0.06525124995416667,290.10002648179284,283.0694580078125,0,0.3647725179802912,0.31076188491735424
2020-05-13,3395,0.008114591537125753,282.4670843191075,278.0631103515625,0,0.33574857474866704,0.21158862600074435
2020-05-14,2918,0.051148770602597406,275.4464295179443,281.39080810546875,1,0.3550406649775193,0.28628392497277694
2020-05-15,2608,0.06298488515555559,278.82346219947897,282.6843566894531,1,0.3625399205719724,0.3068281094884238
2020-05-18,3707,0.06280722541824321,289.36927975226763,291.2947998046875,1,0.41245835000099973,0.30651974187268166
2020-05-19,4417,0.04648357438051949,290.65296845408005,288.3028564453125,0,0.39511277191148664,0.2781864491026982
2020-05-20,4125,0.03477452711812499,292.1045175521696,293.2005615234375,1,0.4235068675503051,0.25786281786503484
2020-05-21,3904,0.0779336447993151,293.0623447026391,291.17633056640625,0,0.41177153304727176,0.3327749753308717
2020-05-22,2574,0.10731712302097905,290.8702410061291,291.72930908203125,1,0.41497738652525995,0.3837764754934807
2020-05-26,3992,0.05456436574821426,298.1377574418077,295.32354736328125,0,0.4358147264382597,0.292212442865058
2020-05-27,4946,0.05569582917678573,298.3253877762557,299.7176818847656,1,0.4612894077150316,0.29417634692709405
2020-05-28,3763,0.045891001398787885,300.8235953666566,299.1647033691406,0,0.45808355423704317,0.2771579081384137
2020-05-29,2134,0.053360388643624156,298.66111799915564,300.4977722167969,1,0.46581192573955343,0.29012267534222413
2020-06-01,2268,0.03406052367643311,299.80652830359764,301.7122802734375,1,0.47285294951789236,0.25662350758417424
2020-06-02,2260,0.05470214234437497,302.6996978519725,304.2104797363281,1,0.48733608260628114,0.29245158450235786
2020-06-03,4048,0.08456472320167602,306.34339706041845,308.259033203125,1,0.5108072823827914,0.3442846728440455
2020-06-04,5059,0.09566407858563533,307.20245029762197,307.4493103027344,1,0.5061129716580968,0.3635500495005944
2020-06-05,6917,0.12383130512731964,313.2455872080817,315.3290710449219,1,0.5517953221785439,0.41244047691047114
2020-06-08,6951,0.13502348408872547,316.19804290605373,319.140625,1,0.5738925342006358,0.4318669693363826
2020-06-09,6032,0.10186107948000002,316.27702867073464,316.7608947753906,1,0.5600962180659752,0.37430630986355595
2020-06-10,7099,0.0874498061873418,317.38299587879584,314.9933776855469,0,0.5498491638861669,0.3492923700013578
2020-06-11,5342,0.05705203460335198,307.5480815746935,296.8343505859375,0,0.444573500294843,0.2965303402413557
2020-06-12,2670,0.0818594255527778,304.368511840971,300.3891296386719,0,0.4651820781467477,0.3395890327486377
2020-06-15,3363,0.08345861025714281,294.2768686101534,303.1934509277344,1,0.48143993067430313,0.34236477013222566
2020-06-16,4091,0.05864498354534887,311.517604101943,309.02923583984375,0,0.5152724771994288,0.29929525408550306
2020-06-17,3354,0.07049649671829265,310.12527837560737,307.74554443359375,0,0.507830367889379,0.319866166298728
2020-06-18,3000,0.07171955905812503,306.11628622533283,307.8640441894531,1,0.5085173617665881,0.32198906045214554
2020-06-19,2749,0.058617373057615926,311.58921654704886,306.1046447753906,0,0.49831736923275893,0.2992473300009554
2020-06-22,3504,0.06081776138851351,305.4599590719525,308.068359375,1,0.5097018644727211,0.30306658873436615
2020-06-23,3362,0.06215554844787879,310.914776092045,309.4866027832031,0,0.5179240294110519,0.30538861291445285
2020-06-24,2974,0.09685575307548389,307.2947763938275,301.5920104980469,0,0.4721556940787781,0.36561846312505697
2020-06-25,3056,0.11768911025961544,300.97709392463486,304.8252258300781,1,0.4909000292100667,0.40177934448153263
2020-06-26,3202,0.08508527148289471,303.64502977208025,297.585205078125,0,0.448926525624447,0.3451881990722525
2020-06-29,3683,0.03588680620785716,298.9340207000594,301.9589538574219,1,0.4742830220158274,0.25979342328036026
2020-06-30,3121,0.1124219954086331,301.4928073259006,305.826904296875,1,0.4967071886310388,0.3926371062174867
2020-07-01,4085,0.05051721892450331,307.0269993198706,307.96917724609375,1,0.5091268631590644,0.28518772789324726
2020-07-02,3109,0.0923347264347826,311.6585984577846,309.6651306152344,0,0.5189590317756343,0.3577712253266099
2020-07-06,4306,0.13686302866418917,313.7711498162122,314.445556640625,1,0.5466732104764886,0.43505990423186636
2020-07-07,4944,0.06520082626973685,312.7892857967009,311.2024230957031,0,0.5278713752138342,0.3106743635037814
2020-07-08,4964,0.08150863106482756,312.0255619180534,313.5826721191406,1,0.5416706990476741,0.33898015162846296
2020-07-09,4525,0.10809342964879513,314.23723809848497,311.7974548339844,0,0.5313210292488131,0.3851239266803727
2020-07-10,4960,0.09810761474705874,311.7280548410764,314.9811096191406,1,0.5497780406467545,0.36779134486372445
2020-07-13,7488,0.12426598130114287,317.5002455471457,312.2536926269531,0,0.5339660352916344,0.41319495317712307
2020-07-14,4757,0.08863061293292682,310.72634224946836,316.3002014160156,1,0.5574253811949095,0.3513419202612914
2020-07-15,5087,0.1105013097406977,319.7615130882085,319.20611572265625,0,0.5742722119911305,0.38930333307917575
2020-07-16,4713,0.11859224853795192,317.1630607937421,318.15484619140625,1,0.5681775519133303,0.4033469399411973
2020-07-17,3333,0.0799903267335294,319.2358682405892,319.0771789550781,0,0.5735247102833767,0.33634479995173394
2020-07-20,4479,0.06517267822987015,318.7895486464791,321.65582275390625,1,0.5884742136680112,0.31062550637907316
2020-07-21,4474,0.05235439355204677,323.768352826993,322.3401794433594,0,0.5924417227322436,0.2883765492219733
2020-07-22,6197,0.09305808946687116,321.9533676924847,324.1749572753906,1,0.6030787162644518,0.35902678123869014
2020-07-23,4914,0.03393176694539879,323.7881524535515,320.3069763183594,0,0.5806543727257594,0.25640002191003974
2020-07-24,3949,0.0657653599414966,318.3135118265725,318.24407958984375,0,0.5686948761721402,0.31165423606804527
2020-07-27,3725,0.04157032601194968,318.98791483897884,320.5648498535156,1,0.582149376141267,0.26965842408203194
2020-07-28,4022,0.08172015267484277,319.781336698029,318.5317077636719,0,0.570362379981745,0.3393472939846607
2020-07-29,3343,0.04449510565953758,319.4738932072594,322.4492492675781,1,0.593074047253785,0.27473502354199886
2020-07-30,5407,0.03961595821321842,319.2556917310273,321.29876708984375,1,0.5864042089388466,0.26626618818494535
2020-07-31,4569,0.10236772228152863,323.22283596954975,323.8377380371094,1,0.6011237117980186,0.37518570006813345
2020-08-03,1789,0.03356538206386554,325.62297100634186,326.089111328125,1,0.6141758877710668,0.2557640802269575
2020-08-04,5407,0.07202484784450869,325.16672349911244,327.3486633300781,1,0.6214780506075464,0.32251895640152667
2020-08-05,4665,0.02366162471264368,328.74707855906155,329.3818054199219,1,0.6332650467670684,0.238573927367982
2020-08-06,3822,0.09051415989937105,328.75702357073766,331.5835876464844,1,0.6460297220832882,0.3546112310008403
2020-08-07,3316,0.03862222942457144,330.5422436067544,331.8216552734375,1,0.6474099021595459,0.2645413529359175
2020-08-10,3792,0.07976303682628574,332.30759531592673,332.81341552734375,1,0.6531595614491519,0.3359502882416567
2020-08-11,4015,0.06403711317548383,334.08291105549125,330.066162109375,0,0.6372325558313008,0.30865448304177345
2020-08-12,3610,0.10615553292380954,332.68448954715484,334.6680603027344,1,0.6639117321675727,0.38176027996064565
2020-08-13,3736,0.07047544381056337,333.84482482899955,334.0630187988281,1,0.6604040472307848,0.31982962433902945
2020-08-14,2349,0.08955282577445257,333.6465071006784,334.0729675292969,1,0.6604617242856317,0.35294262382784053
2020-08-17,4186,0.0834659659173913,335.16393814035547,335.1341857910156,0,0.6666140614182787,0.34237753750117117
2020-08-18,4313,0.05397139194516133,335.560661558146,335.85821533203125,1,0.6708115710079738,0.29118320618706217
2020-08-19,3976,0.09417824186275861,336.2648041303376,334.45977783203125,0,0.6627042294088934,0.36097105251147904
2020-08-20,4171,0.023081891036690644,332.6051330190799,335.50115966796875,1,0.6687415662788092,0.23756767184760627
2020-08-21,4985,0.07006278220084745,335.14410153469447,336.6912841796875,1,0.6756412281957291,0.3191133591985904
2020-08-24,5494,0.1023228615711267,339.3096113924495,340.1030578613281,1,0.6954207426150814,0.3751078344216092
2020-08-25,4736,0.08260692279103447,340.70803262701554,341.2931823730469,1,0.7023204045320013,0.3408864788927225
2020-08-26,4898,0.08648496909503542,341.92792931855723,344.71484375,1,0.7221572421592379,0.3476176826566896
2020-08-27,5676,0.06387528691044775,345.6471112548077,345.46856689453125,0,0.7265268982960678,0.3083735979055656
2020-08-28,4682,0.07185351115724636,346.56948417004014,347.7001037597656,1,0.7394640740063847,0.32222156383222805
2020-08-31,2690,0.09224335544954135,347.4720170369451,346.4405517578125,0,0.7321619111699047,0.35761263085105177
2020-09-01,7225,0.06881302643493147,347.3331402053345,349.7035217285156,1,0.7510787466952904,0.31694413272316274
2020-09-02,7407,0.10850031966198823,351.7565188364447,354.7616271972656,1,0.7804027521509032,0.38583017394345986
2020-09-03,6375,0.09785116141103449,352.94665624246164,342.5527648925781,0,0.709622744291962,0.3673462135977704
2020-09-04,4665,0.10698935562251656,343.28664306032607,339.7558898925781,0,0.6934080610938012,0.38320756296039404
2020-09-08,4842,-0.02691810189562044,333.94402694365107,330.4727783203125,0,0.6395898842938126,0.1507816682155521
2020-09-09,3024,0.07438774075428574,334.77712903867973,336.9987487792969,1,0.6774237322680654,0.32662027763426527
2020-09-10,3134,0.06237229247428572,339.0120671625547,331.147216796875,0,0.6434998932266791,0.3057648199248907
2020-09-11,2580,0.03453237386440677,333.0613477171188,331.3157958984375,0,0.6444772185364147,0.2574425075424883
2020-09-14,3704,0.020550281810156255,334.71762399400774,335.6796569824219,1,0.6697763917199104,0.23317350627589528
2020-09-15,5171,0.03060960288880598,338.3178188055897,337.3756408691406,0,0.6796087372599613,0.25063367425730987
2020-09-16,3598,0.061402671870700656,338.7046176045177,336.0367126464844,0,0.6718463964490751,0.3040818297425047
2020-09-17,1623,0.10340155485462184,330.8199377593245,333.0812072753906,1,0.6547120649960254,0.37698014427065296
2020-09-18,2943,0.034326244027480926,333.9464877576245,329.24652099609375,0,0.6324807449752405,0.2570847237963918
2020-09-21,814,0.06362459779047616,324.31755486718004,325.5821533203125,1,0.6112368349026152,0.3079384717065315
2020-09-22,2499,0.10567402327115387,327.1753727880319,328.89801025390625,1,0.6304602788207909,0.380924513873222
2020-09-23,2933,0.007157432334375,329.4954573082987,321.2705383300781,0,0.5862405547188059,0.20992726532497713
2020-09-24,1648,0.08014425066153848,319.8565708510693,322.12689208984375,1,0.5912052045226597,0.3366119688410044
2020-09-25,1678,0.0715302943,321.21076620839443,327.3346862792969,1,0.621397019653191,0.3216605497659881
2020-09-28,1994,0.09553092001984732,331.8056308945443,332.7715148925781,1,0.6529166455095672,0.36331892347244155
2020-09-29,2253,0.06795163984933333,332.5524432865706,330.959228515625,0,0.6424100445829481,0.31544900652489455
2020-09-30,1892,0.06774560997244095,331.6761887997943,333.46856689453125,1,0.6569577547419474,0.3150913962814591
2020-10-01,1872,0.08444622366277373,336.2566404441703,335.6094055175781,0,0.6693691138663602,0.3440789907867002
2020-10-02,2012,0.07664919901742426,330.2921032355271,332.4230041503906,1,0.6508961793551176,0.330545536689885
2020-10-05,1708,0.10668045013283585,334.6335638859441,338.31787109375,1,0.6850712497397013,0.38267138942561607
2020-10-06,2451,0.05311572898085106,338.46723484121105,333.50836181640625,0,0.6571884629613347,0.28969801459455585
2020-10-07,1957,0.021357666157983197,336.6848202359066,339.3136291503906,1,0.6908440860053351,0.23457489969284698
2020-10-08,2965,0.08605287261496598,341.3947555237465,342.32080078125,1,0.7082779489119295,0.3468676840169004
2020-10-09,2271,0.10960812537165351,344.0932440857865,345.3777770996094,1,0.7260005509397203,0.3877530148221131
2020-10-12,2818,0.08065981653609025,348.1061402313969,350.93408203125,1,0.7582128322247013,0.3375068470047271
2020-10-13,3035,-0.019845427897692322,350.784727998829,348.64385986328125,0,0.7449354326601807,0.16305785217628757
2020-10-14,2118,0.08410121312597407,349.2612236941243,346.45318603515625,0,0.7322351574910908,0.3434801489880558
2020-10-15,1799,0.12009346335684933,342.25110268949817,346.0250244140625,1,0.7297529210509042,0.40595262900402773
2020-10-16,1843,0.10578294969724138,347.47881254924033,345.81591796875,0,0.7285406413582345,0.3811135796841484
2020-10-19,598,0.07523146853720931,347.17011924335185,340.5583190917969,0,0.6980600871065068,0.3280847530899398
2020-10-20,2199,0.09014111977518253,342.00216293546924,341.9225158691406,0,0.7059689205597648,0.35396373767786016
2020-10-21,3065,0.02582072594671053,341.8726975006611,341.2752685546875,0,0.7022165504485807,0.24232152324855277
2020-10-22,2817,0.0856689655054054,341.5042873846115,343.14727783203125,1,0.7130693906277616,0.34620132864661457
2020-10-23,1812,0.06782571127518798,344.461674133819,344.31231689453125,0,0.7198236214431968,0.3152304297401347
2020-10-26,2005,0.08102184196884059,340.6778231489307,337.949462890625,0,0.6829354294755581,0.3381352219039816
2020-10-27,3416,0.06475081533188408,338.31786513841826,336.7843933105469,0,0.676181021736642,0.30989327037563186
2020-10-28,2465,0.06524698570268456,330.6903799146668,325.2734680175781,0,0.609447253891034,0.31075448336941575
2020-10-29,3060,0.06093456907404582,325.5223998645608,328.5793762207031,1,0.6286130207543628,0.3032693342074422
2020-10-30,1737,0.04925348518208954,326.8865964503051,325.15399169921875,0,0.608754598462429,0.282994239560008
2020-11-02,1261,0.06445109044160585,328.7984619140625,328.7984619140625,0,0.6298831544253605,0.3093730317937681
2020-11-03,883,0.13899516018548397,332.2736346513143,334.60369873046875,1,0.6635386005458799,0.4387606882340084
2020-11-04,946,0.04843598893513512,339.4131700678235,342.0818176269531,1,0.7068924611312382,0.2815752947142872
2020-11-06,443,0.0950492010752688,348.4447018760783,348.6737365722656,1,0.7451086407482024,0.36248279411277506
2020-11-09,3207,0.036779064980120464,362.4251162425888,353.0550537109375,0,0.7705090141629019,0.261342134960284
2020-11-10,2244,0.09008640368435376,351.98957824198413,352.5372619628906,1,0.7675071534586506,0.35386876584728755
2020-11-11,1369,0.07499181289436618,354.8872240015802,355.1560974121094,1,0.7826896650679271,0.32766877792133564
2020-11-12,1518,0.15649097491428582,354.0706898174888,351.71075439453125,0,0.7627155348193375,0.46912852933860827
2020-11-13,1334,0.03988408577338709,353.7620122725824,356.58001708984375,1,0.7909447377737473,0.26673158263894364
2020-11-16,2660,0.03584616624144735,359.44781934886834,361.03106689453125,1,0.8167493813428173,0.2597228836649403
2020-11-17,2729,0.12318434196137928,358.44208998730056,359.0893249511719,1,0.8054922710092656,0.41131752979835623
2020-11-18,3273,0.05159710300499999,359.3780830512,354.7677307128906,0,0.7804381368471283,0.28706210463284115
2020-11-19,2329,0.1267774290877552,354.09064347260295,356.2613830566406,1,0.7890974797073189,0.41755412412792137
2020-11-20,1625,0.06094807169153845,355.9825800816991,353.82177734375,0,0.7749540397026908,0.3032927709749702
2020-11-23,2450,0.13326716528321672,355.7634898261184,355.9427185058594,1,0.7872500447174098,0.4288184911007902
2020-11-24,2771,0.16756081707133336,358.681050162782,361.67828369140625,1,0.8205015745305204,0.4883426792875569
2020-11-25,2031,0.04247156994632352,361.5886727697312,361.12066650390625,0,0.8172688286834011,0.2712227314903914
2020-11-27,1334,0.17385617578688534,362.29566522056336,362.12640380859375,0,0.8230995189273627,0.4992696613191866
2020-11-30,3376,0.1261809170319445,361.28994465094274,360.5232238769531,0,0.8138051976934133,0.41651874603272376
2020-12-01,3005,0.06355492170277778,364.01832842524107,364.4664001464844,1,0.8366654806895981,0.3078175335054352
2020-12-02,3521,0.07383897867046985,363.27151482185104,365.233154296875,1,0.8411106831528683,0.32566778013564257
2020-12-03,1638,0.14155284903421053,365.1236081605864,365.1335754394531,1,0.8405333818339569,0.44320012073584386
2020-12-04,2542,0.10534150094076432,365.7608913482017,368.2801513671875,1,0.8587754312023315,0.38034734810817894
2020-12-07,3273,0.08859175597397262,367.4536662900099,367.52337646484375,1,0.8543880827173889,0.3512744754481392
2020-12-08,3532,0.08320672137391301,366.1592028598122,368.59881591796875,1,0.8606228661922406,0.3419275614797274
2020-12-09,3723,0.1034596165111111,369.3057702726317,365.2928771972656,0,0.8414569224054305,0.3770809230675176
2020-12-10,3426,0.0708788714819549,363.8191576882614,365.17340087890625,1,0.8407642669768254,0.32052986194510386
2020-12-11,2759,0.1087654774394558,363.35115718952324,364.7452087402344,1,0.838281853613158,0.38629041368528383
2020-12-14,2527,0.09807063530551724,367.07530021048706,363.1121826171875,0,0.8288145012146682,0.3677271588956929
2020-12-15,2544,0.11391034523829785,365.8405334441788,368.021240234375,1,0.8572744123884652,0.3952204652571153
2020-12-16,2179,0.11233041115945948,368.25029542565414,368.59881591796875,1,0.8606228661922406,0.392478141575388
2020-12-17,2600,0.0995930806850649,370.361289178557,370.6600036621094,1,0.8725724550309166,0.37036969827400634
2020-12-18,2725,0.1681639979778571,370.9700012207031,369.17999267578125,0,0.8639921969667885,0.48938963264243485
2020-12-21,3161,0.07798292801760559,364.9700012207031,367.8599853515625,1,0.8563395487141998,0.3328605172141945
2020-12-22,2775,0.027137787733093544,368.2099914550781,367.239990234375,0,0.8527451712716607,0.24460757415122825
2020-12-23,1785,0.08661309200625002,368.2799987792969,367.57000732421875,0,0.8546584217965483,0.347840068196885
2020-12-24,1063,0.10613971840714288,368.0799865722656,369.0,1,0.8629487022751123,0.3817328303827481
2020-12-28,2078,0.12429905524545458,371.739990234375,372.1700134277344,1,0.8813266288769908,0.41325236029426105
2020-12-29,1645,0.08923870446874996,373.80999755859375,371.4599914550781,0,0.8772103271651319,0.35239739709521845
2020-12-30,1789,0.12257839033220337,372.3399963378906,371.989990234375,0,0.8802829572618334,0.4102657672438754
2020-12-31,1806,0.04797827578124998,371.7799987792969,373.8800048828125,1,0.8912401822948779,0.28078083269327675
2021-01-04,2097,0.053530766733600035,375.30999755859375,368.7900085449219,0,0.8617312918014897,0.29041840405473585
2021-01-05,2176,0.08105756248582087,368.1000061035156,371.3299865722656,1,0.876456633135539,0.33819722273107344
2021-01-06,2920,0.10388379331089745,369.7099914550781,373.54998779296875,1,0.8893269317699903,0.3778171753573275
2021-01-07,3799,0.12266972611631206,376.1000061035156,379.1000061035156,1,0.9215027668178595,0.4104243006201126
2021-01-08,3906,0.1349115829228346,380.5899963378906,381.260009765625,1,0.9340252338884192,0.4316727402091388
2021-01-11,3816,0.05614384399928057,377.8500061035156,378.69000244140625,1,0.9191257998489426,0.29495397535725976
2021-01-12,3843,0.08916590486000005,378.8900146484375,378.7699890136719,0,0.9195895162929719,0.35227103733516935
2021-01-13,2830,0.11157583417984494,378.69000244140625,379.7900085449219,1,0.9255030067260999,0.39116840698038224
2021-01-14,3170,0.12414189260211272,380.5899963378906,378.4599914550781,0,0.9177923275717024,0.4129795699009833
2021-01-15,2346,0.11073501421145036,376.7200012207031,375.70001220703125,0,0.9017915448622216,0.3897089786774666
2021-01-19,2842,0.04969656443356164,378.3399963378906,378.6499938964844,1,0.9188938531651878,0.2837633012192687
2021-01-20,3001,0.10975530551205671,381.1099853515625,383.8900146484375,1,0.9492724994917874,0.38800847838221586
2021-01-21,3454,0.10049281699200001,384.489990234375,384.239990234375,0,0.951301457973331,0.3719313888627884
2021-01-22,2620,0.09393855644859152,382.25,382.8800048828125,1,0.9434170399604682,0.360555025668183
2021-01-25,1690,0.13170862905821917,383.6700134277344,384.3900146484375,1,0.9521712138065423,0.4261133081087358
2021-01-26,2502,0.14018355099655172,385.4100036621094,383.7900085449219,0,0.9486927212441401,0.4408234023104933
2021-01-27,4249,0.11814995200193554,380.2200012207031,374.4100036621094,0,0.8943128123915793,0.4025792368570563
2021-01-28,2090,0.13494130269724133,376.3599853515625,377.6300048828125,1,0.9129805396555406,0.4317243254254228
2021-01-29,1284,0.14024207247807022,375.6300048828125,370.07000732421875,0,0.8691519933703236,0.44092497923500396
2021-02-01,2344,0.14825114487974692,373.7200012207031,376.2300109863281,1,0.904864174958923,0.45482648893086086
2021-02-02,2838,0.14149199555,379.6499938964844,381.54998779296875,1,0.9357063608060703,0.443094496106879
2021-02-03,2274,0.1883756978382354,382.44000244140625,381.8500061035156,0,0.9374456955490122,0.5244714907512437
2021-02-04,431,0.1366414134130952,382.9599914550781,386.19000244140625,1,0.962606514570268,0.43467524213776576
2021-02-05,973,0.18826489922733816,388.20001220703125,387.7099914550781,0,0.9714185423946702,0.524279175351104
2021-02-08,1976,0.16311020428402775,389.2699890136719,390.510009765625,1,0.9876514487113865,0.4806176602451169
2021-02-09,1669,0.1250319003886525,389.6099853515625,390.25,1,0.9861440606522003,0.41452437449925117
2021-02-10,1815,0.11591315529115642,392.1199951171875,390.0799865722656,0,0.9851584199388517,0.39869678335894
2021-02-11,2069,0.14532932275739643,391.239990234375,390.7099914550781,0,0.9888108282832,0.44975502290753944
2021-02-12,1969,0.12097814645069442,389.8500061035156,392.6400146484375,1,1.0000000000000002,0.4074881914249985
2021-02-16,2117,0.13079948535539568,393.9599914550781,392.29998779296875,0,0.9980287185733034,0.42453528891177084
2021-02-17,1922,0.09947906296312059,390.4200134277344,392.3900146484375,1,0.9985506428426227,0.3701717953974165
2021-02-18,1545,0.16449773543291127,389.5899963378906,390.7200012207031,1,0.9888688591850092,0.48302602625208035
2021-02-19,16745,0.4623417880658132,392.07000732421875,390.0299987792969,0,0.9848686192767688,1.0000000000000002
2021-02-22,3322,0.10098651929022989,387.05999755859375,387.0299987792969,0,0.9674763333882386,0.37278831797286527
2021-02-23,2990,0.0707613835987952,384.6600036621094,387.5,1,0.9702011319210475,0.3203259358391857
2021-02-24,2545,0.14563329004969697,386.3299865722656,391.7699890136719,1,0.994956088476602,0.4502826251127904
2021-02-25,1979,0.14743817941186438,390.4100036621094,382.3299865722656,0,0.9402283480601492,0.4534154082504315
2021-02-26,1445,0.10043930282638887,384.3500061035156,380.3599853515625,0,0.9288074065830749,0.37183850323823686
2021-03-01,1524,0.10325143358571426,385.5899963378906,389.5799865722656,1,0.9822597056240967,0.37671957573404735
2021-03-02,1303,0.15846703826,389.82000732421875,386.5400085449219,0,0.9646356499752928,0.4725584226374031
2021-03-03,2051,0.12355133839202458,385.7900085449219,381.4200134277344,0,0.9349528436999581,0.4119545329596577
2021-03-04,2285,0.08264753927741936,381.2200012207031,376.70001220703125,0,0.907588973491732,0.3409569777533862
2021-03-05,2094,0.11877810885648853,380.4599914550781,383.6300048828125,1,0.9477651114326007,0.40366954147238965
2021-03-08,2746,0.12198183462430556,384.6600036621094,381.7200012207031,0,0.9366920015194189,0.4092303133808633
2021-03-09,1820,0.1300297873669565,385.8500061035156,387.1700134277344,1,0.9682880583196412,0.4231993084745196
2021-03-10,1581,0.1234663728495575,389.69000244140625,389.5799865722656,0,0.9822597056240967,0.4118070565412684
